Sampled_PSU;Pik;Size_Stratum;STRATUM;PSU_ID;PSU_MOS;PSU_MOS.1;ALLOC;threshold;final_populationdom;sampling_fraction;SR;SizeSR;stratum;N_PSU_Stratum;PSU_final_sample_unit;nSR
1;1;146162;1000;330;146162;146162;101;97528.2178217822;197007;0.000512672138553452;1;146162;10001;1;75;0
1;1;50845;1000;309;50845;50845;101;97528.2178217822;197007;0.000512672138553452;1;0;10002;1;26;0
1;1;36195;2000;304;36195;36195;265;49331.320754717;261456;0.00101355486200355;1;0;20001;1;37;0
1;0.537618837751055;63532;2000;342;34156;34156;265;49331.320754717;261456;0.00101355486200355;0;0;20002;2;64;1
0;0.462381162248945;63532;2000;315;29376;29376;265;49331.320754717;261456;0.00101355486200355;0;0;20002;2;0;0
1;0.392074385654195;63238;2000;292;24794;24794;265;49331.320754717;261456;0.00101355486200355;0;0;20003;3;64;1
0;0.310082545305038;63238;2000;293;19609;19609;265;49331.320754717;261456;0.00101355486200355;0;0;20003;3;0;0
0;0.297843069040767;63238;2000;306;18835;18835;265;49331.320754717;261456;0.00101355486200355;0;0;20003;3;0;0
0;0.363861017021367;46941;2000;318;17080;17080;265;49331.320754717;261456;0.00101355486200355;0;0;20004;3;0;0
0;0.32046611704054;46941;2000;343;15043;15043;265;49331.320754717;261456;0.00101355486200355;0;0;20004;3;0;0
1;0.315672865938093;46941;2000;347;14818;14818;265;49331.320754717;261456;0.00101355486200355;0;0;20004;3;48;1
1;0.269582929194956;51550;2000;300;13897;13897;265;49331.320754717;261456;0.00101355486200355;0;0;20005;4;52;1
0;0.267662463627546;51550;2000;314;13798;13798;265;49331.320754717;261456;0.00101355486200355;0;0;20005;4;0;0
0;0.260310378273521;51550;2000;317;13419;13419;265;49331.320754717;261456;0.00101355486200355;0;0;20005;4;0;0
0;0.202444228903977;51550;2000;335;10436;10436;265;49331.320754717;261456;0.00101355486200355;0;0;20005;4;0;0
0;0.0743094471259703;115813;3000;308;8606;8606;2;2895325;115813;0.0000172692184815176;0;0;30001;26;0;0
0;0.0679025670693273;115813;3000;341;7864;7864;2;2895325;115813;0.0000172692184815176;0;0;30001;26;0;0
0;0.0647941077426541;115813;3000;345;7504;7504;2;2895325;115813;0.0000172692184815176;0;0;30001;26;0;0
0;0.0594061115764206;115813;3000;303;6880;6880;2;2895325;115813;0.0000172692184815176;0;0;30001;26;0;0
0;0.052446616528369;115813;3000;344;6074;6074;2;2895325;115813;0.0000172692184815176;0;0;30001;26;0;0
0;0.0481811195634342;115813;3000;313;5580;5580;2;2895325;115813;0.0000172692184815176;0;0;30001;26;0;0
0;0.0458497750684293;115813;3000;325;5310;5310;2;2895325;115813;0.0000172692184815176;0;0;30001;26;0;0
0;0.0446150259470008;115813;3000;329;5167;5167;2;2895325;115813;0.0000172692184815176;0;0;30001;26;0;0
1;0.0445804875100377;115813;3000;321;5163;5163;2;2895325;115813;0.0000172692184815176;0;0;30001;26;2;1
0;0.0439587956447031;115813;3000;328;5091;5091;2;2895325;115813;0.0000172692184815176;0;0;30001;26;0;0
0;0.0396846640705275;115813;3000;295;4596;4596;2;2895325;115813;0.0000172692184815176;0;0;30001;26;0;0
0;0.0385103572137843;115813;3000;326;4460;4460;2;2895325;115813;0.0000172692184815176;0;0;30001;26;0;0
0;0.0340030911901082;115813;3000;294;3938;3938;2;2895325;115813;0.0000172692184815176;0;0;30001;26;0;0
0;0.0338390336145338;115813;3000;297;3919;3919;2;2895325;115813;0.0000172692184815176;0;0;30001;26;0;0
0;0.0295476328218766;115813;3000;312;3422;3422;2;2895325;115813;0.0000172692184815176;0;0;30001;26;0;0
0;0.0295130943849136;115813;3000;346;3418;3418;2;2895325;115813;0.0000172692184815176;0;0;30001;26;0;0
0;0.0294353829017468;115813;3000;319;3409;3409;2;2895325;115813;0.0000172692184815176;0;0;30001;26;0;0
0;0.0285373835407079;115813;3000;331;3305;3305;2;2895325;115813;0.0000172692184815176;0;0;30001;26;0;0
0;0.0273889805116869;115813;3000;302;3172;3172;2;2895325;115813;0.0000172692184815176;0;0;30001;26;0;0
0;0.026706846381667;115813;3000;348;3093;3093;2;2895325;115813;0.0000172692184815176;0;0;30001;26;0;0
0;0.0264305388859627;115813;3000;305;3061;3061;2;2895325;115813;0.0000172692184815176;0;0;30001;26;0;0
0;0.0255929817896091;115813;3000;299;2964;2964;2;2895325;115813;0.0000172692184815176;0;0;30001;26;0;0
0;0.0250403667982005;115813;3000;298;2900;2900;2;2895325;115813;0.0000172692184815176;0;0;30001;26;0;0
0;0.0212325041230259;115813;3000;310;2459;2459;2;2895325;115813;0.0000172692184815176;0;0;30001;26;0;0
0;0.019401966963985;115813;3000;296;2247;2247;2;2895325;115813;0.0000172692184815176;0;0;30001;26;0;0
0;0.0190911210313177;115813;3000;340;2211;2211;2;2895325;115813;0.0000172692184815176;0;0;30001;26;0;0
0;0.113334493358854;17241;4000;332;1954;1954;2;431025;17241;0.000116002552056145;0;0;40001;18;0;0
0;0.0988341743518357;17241;4000;311;1704;1704;2;431025;17241;0.000116002552056145;0;0;40001;18;0;0
0;0.0870019140421089;17241;4000;324;1500;1500;2;431025;17241;0.000116002552056145;0;0;40001;18;0;0
0;0.0815497940954701;17241;4000;320;1406;1406;2;431025;17241;0.000116002552056145;0;0;40001;18;0;0
0;0.0741256307638768;17241;4000;337;1278;1278;2;431025;17241;0.000116002552056145;0;0;40001;18;0;0
0;0.0735456180035961;17241;4000;350;1268;1268;2;431025;17241;0.000116002552056145;0;0;40001;18;0;0
0;0.0655414419117221;17241;4000;307;1130;1130;2;431025;17241;0.000116002552056145;0;0;40001;18;0;0
0;0.0621193666260658;17241;4000;323;1071;1071;2;431025;17241;0.000116002552056145;0;0;40001;18;0;0
0;0.0577692709239603;17241;4000;301;996;996;2;431025;17241;0.000116002552056145;0;0;40001;18;0;0
0;0.0573052607157357;17241;4000;339;988;988;2;431025;17241;0.000116002552056145;0;0;40001;18;0;0
0;0.0509251203526478;17241;4000;327;878;878;2;431025;17241;0.000116002552056145;0;0;40001;18;0;0
1;0.036772809001798;17241;4000;334;634;634;2;431025;17241;0.000116002552056145;0;0;40001;18;2;1
0;0.0317266979873557;17241;4000;322;547;547;2;431025;17241;0.000116002552056145;0;0;40001;18;0;0
0;0.0305086711907662;17241;4000;316;526;526;2;431025;17241;0.000116002552056145;0;0;40001;18;0;0
0;0.0297546546024013;17241;4000;336;513;513;2;431025;17241;0.000116002552056145;0;0;40001;18;0;0
0;0.0237805231715098;17241;4000;338;410;410;2;431025;17241;0.000116002552056145;0;0;40001;18;0;0
0;0.0192564236413201;17241;4000;349;332;332;2;431025;17241;0.000116002552056145;0;0;40001;18;0;0
0;0.0061481352589757;17241;4000;333;106;106;2;431025;17241;0.000116002552056145;0;0;40001;18;0;0
1;0.980211147060861;101067;5000;382;99067;99067;2;2526675;101067;0.0000197888529391394;0;0;50001;2;2;1
0;0.0197888529391394;101067;5000;380;2000;2000;2;2526675;101067;0.0000197888529391394;0;0;50001;2;0;0
1;0.396988436613156;47218;6000;373;18745;18745;2;1180450;47218;0.000042356728366301;0;0;60001;3;2;1
0;0.377101952645178;47218;6000;372;17806;17806;2;1180450;47218;0.000042356728366301;0;0;60001;3;0;0
0;0.225909610741666;47218;6000;354;10667;10667;2;1180450;47218;0.000042356728366301;0;0;60001;3;0;0
0;0.151794534079684;30370;7000;379;4610;4610;2;759250;30370;0.0000658544616397761;0;0;70001;9;0;0
0;0.148271320381956;30370;7000;367;4503;4503;2;759250;30370;0.0000658544616397761;0;0;70001;9;0;0
0;0.146065195917023;30370;7000;381;4436;4436;2;759250;30370;0.0000658544616397761;0;0;70001;9;0;0
0;0.139117550214027;30370;7000;351;4225;4225;2;759250;30370;0.0000658544616397761;0;0;70001;9;0;0
0;0.0886730325979585;30370;7000;360;2693;2693;2;759250;30370;0.0000658544616397761;0;0;70001;9;0;0
0;0.0853803095159697;30370;7000;361;2593;2593;2;759250;30370;0.0000658544616397761;0;0;70001;9;0;0
0;0.082647349357919;30370;7000;355;2510;2510;2;759250;30370;0.0000658544616397761;0;0;70001;9;0;0
0;0.0818241685874218;30370;7000;357;2485;2485;2;759250;30370;0.0000658544616397761;0;0;70001;9;0;0
1;0.0762265393480408;30370;7000;383;2315;2315;2;759250;30370;0.0000658544616397761;0;0;70001;9;2;1
0;0.073308695980089;26518;8000;359;1944;1944;2;662950;26518;0.0000754204691153179;0;0;80001;19;0;0
0;0.0662945923523644;26518;8000;378;1758;1758;2;662950;26518;0.0000754204691153179;0;0;80001;19;0;0
1;0.0656158081303266;26518;8000;364;1740;1740;2;662950;26518;0.0000754204691153179;0;0;80001;19;2;1
0;0.0643336601553662;26518;8000;356;1706;1706;2;662950;26518;0.0000754204691153179;0;0;80001;19;0;0
0;0.0637680066370013;26518;8000;362;1691;1691;2;662950;26518;0.0000754204691153179;0;0;80001;19;0;0
0;0.0634286145259823;26518;8000;374;1682;1682;2;662950;26518;0.0000754204691153179;0;0;80001;19;0;0
0;0.0628252507730598;26518;8000;365;1666;1666;2;662950;26518;0.0000754204691153179;0;0;80001;19;0;0
0;0.0627121200693868;26518;8000;358;1663;1663;2;662950;26518;0.0000754204691153179;0;0;80001;19;0;0
0;0.0621841767855796;26518;8000;352;1649;1649;2;662950;26518;0.0000754204691153179;0;0;80001;19;0;0
0;0.056942454182065;26518;8000;368;1510;1510;2;662950;26518;0.0000754204691153179;0;0;80001;19;0;0
0;0.0558488573798929;26518;8000;363;1481;1481;2;662950;26518;0.0000754204691153179;0;0;80001;19;0;0
0;0.0523418055660306;26518;8000;366;1388;1388;2;662950;26518;0.0000754204691153179;0;0;80001;19;0;0
0;0.0518892827513387;26518;8000;353;1376;1376;2;662950;26518;0.0000754204691153179;0;0;80001;19;0;0
0;0.050644845010936;26518;8000;371;1343;1343;2;662950;26518;0.0000754204691153179;0;0;80001;19;0;0
0;0.0429519571611735;26518;8000;369;1139;1139;2;662950;26518;0.0000754204691153179;0;0;80001;19;0;0
0;0.0410287351987329;26518;8000;370;1088;1088;2;662950;26518;0.0000754204691153179;0;0;80001;19;0;0
0;0.03737084244664;26518;8000;376;991;991;2;662950;26518;0.0000754204691153179;0;0;80001;19;0;0
0;0.0184025944641376;26518;8000;375;488;488;2;662950;26518;0.0000754204691153179;0;0;80001;19;0;0
0;0.00810770042989667;26518;8000;377;215;215;2;662950;26518;0.0000754204691153179;0;0;80001;19;0;0
1;1;92833;9000;8;92833;92833;407;11404.5454545455;92833;0.00438421681944998;1;92833;90001;1;407;0
1;1;33661;10000;51;33661;33661;399;13286.9674185464;106030;0.00376308591907951;1;33661;100001;1;127;0
1;1;18909;10000;11;18909;18909;399;13286.9674185464;106030;0.00376308591907951;1;18909;100002;1;71;0
1;1;15638;10000;40;15638;15638;399;13286.9674185464;106030;0.00376308591907951;1;15638;100003;1;59;0
1;1;14283;10000;13;14283;14283;399;13286.9674185464;106030;0.00376308591907951;1;14283;100004;1;54;0
1;1;13032;10000;4;13032;13032;399;13286.9674185464;106030;0.00376308591907951;1;0;100005;1;49;0
1;1;10507;10000;41;10507;10507;399;13286.9674185464;106030;0.00376308591907951;1;0;100006;1;40;0
0;0.500604422953851;14063;11000;72;7040;7040;641;16060.8424336973;205900;0.00311316172899466;0;0;110001;2;0;0
1;0.499395577046149;14063;11000;15;7023;7023;641;16060.8424336973;205900;0.00311316172899466;0;0;110001;2;44;1
0;0.173928721677985;16639;11000;82;2894;2894;641;16060.8424336973;205900;0.00311316172899466;0;0;1100010;6;0;0
0;0.167858645351283;16639;11000;78;2793;2793;641;16060.8424336973;205900;0.00311316172899466;0;0;1100010;6;0;0
0;0.167798545585672;16639;11000;104;2792;2792;641;16060.8424336973;205900;0.00311316172899466;0;0;1100010;6;0;0
0;0.166055652382956;16639;11000;57;2763;2763;641;16060.8424336973;205900;0.00311316172899466;0;0;1100010;6;0;0
1;0.162930464571188;16639;11000;47;2711;2711;641;16060.8424336973;205900;0.00311316172899466;0;0;1100010;6;52;1
0;0.161427970430915;16639;11000;74;2686;2686;641;16060.8424336973;205900;0.00311316172899466;0;0;1100010;6;0;0
0;0.168653846153846;15600;11000;102;2631;2631;641;16060.8424336973;205900;0.00311316172899466;0;0;1100011;6;0;0
0;0.167884615384615;15600;11000;86;2619;2619;641;16060.8424336973;205900;0.00311316172899466;0;0;1100011;6;0;0
0;0.16775641025641;15600;11000;71;2617;2617;641;16060.8424336973;205900;0.00311316172899466;0;0;1100011;6;0;0
0;0.167435897435897;15600;11000;52;2612;2612;641;16060.8424336973;205900;0.00311316172899466;0;0;1100011;6;0;0
0;0.165064102564103;15600;11000;105;2575;2575;641;16060.8424336973;205900;0.00311316172899466;0;0;1100011;6;0;0
1;0.163205128205128;15600;11000;114;2546;2546;641;16060.8424336973;205900;0.00311316172899466;0;0;1100011;6;49;1
0;0.171442086768482;14798;11000;21;2537;2537;641;16060.8424336973;205900;0.00311316172899466;0;0;1100012;6;0;0
0;0.169414785781862;14798;11000;30;2507;2507;641;16060.8424336973;205900;0.00311316172899466;0;0;1100012;6;0;0
0;0.166711717799703;14798;11000;12;2467;2467;641;16060.8424336973;205900;0.00311316172899466;0;0;1100012;6;0;0
0;0.165833220705501;14798;11000;16;2454;2454;641;16060.8424336973;205900;0.00311316172899466;0;0;1100012;6;0;0
1;0.164076226517097;14798;11000;88;2428;2428;641;16060.8424336973;205900;0.00311316172899466;0;0;1100012;6;46;1
0;0.162521962427355;14798;11000;48;2405;2405;641;16060.8424336973;205900;0.00311316172899466;0;0;1100012;6;0;0
0;0.155508974191013;15266;11000;39;2374;2374;641;16060.8424336973;205900;0.00311316172899466;0;0;1100013;7;0;0
0;0.154067863225468;15266;11000;33;2352;2352;641;16060.8424336973;205900;0.00311316172899466;0;0;1100013;7;0;0
0;0.145224682300537;15266;11000;99;2217;2217;641;16060.8424336973;205900;0.00311316172899466;0;0;1100013;7;0;0
0;0.138543167823922;15266;11000;27;2115;2115;641;16060.8424336973;205900;0.00311316172899466;0;0;1100013;7;0;0
1;0.137953622428927;15266;11000;18;2106;2106;641;16060.8424336973;205900;0.00311316172899466;0;0;1100013;7;48;1
0;0.135464430761169;15266;11000;107;2068;2068;641;16060.8424336973;205900;0.00311316172899466;0;0;1100013;7;0;0
0;0.133237259268964;15266;11000;24;2034;2034;641;16060.8424336973;205900;0.00311316172899466;0;0;1100013;7;0;0
1;0.348086321454066;18211;11000;85;6339;6339;641;16060.8424336973;205900;0.00311316172899466;0;0;110002;3;57;1
0;0.333315029377849;18211;11000;19;6070;6070;641;16060.8424336973;205900;0.00311316172899466;0;0;110002;3;0;0
0;0.318598649168085;18211;11000;113;5802;5802;641;16060.8424336973;205900;0.00311316172899466;0;0;110002;3;0;0
0;0.340127547830436;15994;11000;106;5440;5440;641;16060.8424336973;205900;0.00311316172899466;0;0;110003;3;0;0
1;0.33650118794548;15994;11000;91;5382;5382;641;16060.8424336973;205900;0.00311316172899466;0;0;110003;3;50;1
0;0.323371264224084;15994;11000;56;5172;5172;641;16060.8424336973;205900;0.00311316172899466;0;0;110003;3;0;0
0;0.344207210360518;14285;11000;17;4917;4917;641;16060.8424336973;205900;0.00311316172899466;0;0;110004;3;0;0
1;0.328036401820091;14285;11000;37;4686;4686;641;16060.8424336973;205900;0.00311316172899466;0;0;110004;3;44;1
0;0.327756387819391;14285;11000;22;4682;4682;641;16060.8424336973;205900;0.00311316172899466;0;0;110004;3;0;0
0;0.257851880573866;18053;11000;29;4655;4655;641;16060.8424336973;205900;0.00311316172899466;0;0;110005;4;0;0
0;0.252811167119038;18053;11000;46;4564;4564;641;16060.8424336973;205900;0.00311316172899466;0;0;110005;4;0;0
1;0.250706253808231;18053;11000;38;4526;4526;641;16060.8424336973;205900;0.00311316172899466;0;0;110005;4;56;1
0;0.238630698498864;18053;11000;61;4308;4308;641;16060.8424336973;205900;0.00311316172899466;0;0;110005;4;0;0
0;0.260503657668156;15447;11000;70;4024;4024;641;16060.8424336973;205900;0.00311316172899466;0;0;110006;4;0;0
0;0.255389395999223;15447;11000;109;3945;3945;641;16060.8424336973;205900;0.00311316172899466;0;0;110006;4;0;0
1;0.253512008804299;15447;11000;95;3916;3916;641;16060.8424336973;205900;0.00311316172899466;0;0;110006;4;48;1
0;0.230594937528323;15447;11000;42;3562;3562;641;16060.8424336973;205900;0.00311316172899466;0;0;110006;4;0;0
1;0.209642984224884;16862;11000;80;3535;3535;641;16060.8424336973;205900;0.00311316172899466;0;0;110007;5;52;1
0;0.209227849602657;16862;11000;59;3528;3528;641;16060.8424336973;205900;0.00311316172899466;0;0;110007;5;0;0
0;0.196358676313605;16862;11000;62;3311;3311;641;16060.8424336973;205900;0.00311316172899466;0;0;110007;5;0;0
0;0.19244454987546;16862;11000;79;3245;3245;641;16060.8424336973;205900;0.00311316172899466;0;0;110007;5;0;0
0;0.192325939983395;16862;11000;60;3243;3243;641;16060.8424336973;205900;0.00311316172899466;0;0;110007;5;0;0
0;0.204688393367639;15741;11000;76;3222;3222;641;16060.8424336973;205900;0.00311316172899466;0;0;110008;5;0;0
1;0.202846070770599;15741;11000;6;3193;3193;641;16060.8424336973;205900;0.00311316172899466;0;0;110008;5;49;1
0;0.19903436884569;15741;11000;67;3133;3133;641;16060.8424336973;205900;0.00311316172899466;0;0;110008;5;0;0
0;0.198272028460708;15741;11000;31;3121;3121;641;16060.8424336973;205900;0.00311316172899466;0;0;110008;5;0;0
0;0.195159138555365;15741;11000;23;3072;3072;641;16060.8424336973;205900;0.00311316172899466;0;0;110008;5;0;0
0;0.204069339401646;14941;11000;28;3049;3049;641;16060.8424336973;205900;0.00311316172899466;0;0;110009;5;0;0
0;0.201927581821833;14941;11000;96;3017;3017;641;16060.8424336973;205900;0.00311316172899466;0;0;110009;5;0;0
0;0.200588983334449;14941;11000;108;2997;2997;641;16060.8424336973;205900;0.00311316172899466;0;0;110009;5;0;0
1;0.197710996586574;14941;11000;34;2954;2954;641;16060.8424336973;205900;0.00311316172899466;0;0;110009;5;47;1
0;0.195703098855498;14941;11000;77;2924;2924;641;16060.8424336973;205900;0.00311316172899466;0;0;110009;5;0;0
0;0.0332830358846281;57657;12000;54;1919;1919;2;1441425;57657;0.0000346878956588099;0;0;120001;50;0;0
0;0.0325372461279636;57657;12000;10;1876;1876;2;1441425;57657;0.0000346878956588099;0;0;120001;50;0;0
0;0.0306814437102173;57657;12000;84;1769;1769;2;1441425;57657;0.0000346878956588099;0;0;120001;50;0;0
0;0.0303865965971174;57657;12000;58;1752;1752;2;1441425;57657;0.0000346878956588099;0;0;120001;50;0;0
0;0.030282532910141;57657;12000;90;1746;1746;2;1441425;57657;0.0000346878956588099;0;0;120001;50;0;0
0;0.0301437813275058;57657;12000;55;1738;1738;2;1441425;57657;0.0000346878956588099;0;0;120001;50;0;0
0;0.029640806840453;57657;12000;112;1709;1709;2;1441425;57657;0.0000346878956588099;0;0;120001;50;0;0
0;0.0295887749969648;57657;12000;97;1706;1706;2;1441425;57657;0.0000346878956588099;0;0;120001;50;0;0
0;0.0288429852403004;57657;12000;66;1663;1663;2;1441425;57657;0.0000346878956588099;0;0;120001;50;0;0
0;0.0277676604748773;57657;12000;94;1601;1601;2;1441425;57657;0.0000346878956588099;0;0;120001;50;0;0
0;0.0276289088922421;57657;12000;92;1593;1593;2;1441425;57657;0.0000346878956588099;0;0;120001;50;0;0
0;0.0269351509790659;57657;12000;81;1553;1553;2;1441425;57657;0.0000346878956588099;0;0;120001;50;0;0
0;0.02681374334426;57657;12000;1;1546;1546;2;1441425;57657;0.0000346878956588099;0;0;120001;50;0;0
0;0.0267617115007718;57657;12000;35;1543;1543;2;1441425;57657;0.0000346878956588099;0;0;120001;50;0;0
0;0.0261199854310838;57657;12000;7;1506;1506;2;1441425;57657;0.0000346878956588099;0;0;120001;50;0;0
0;0.0260159217441074;57657;12000;50;1500;1500;2;1441425;57657;0.0000346878956588099;0;0;120001;50;0;0
0;0.0257731064744957;57657;12000;53;1486;1486;2;1441425;57657;0.0000346878956588099;0;0;120001;50;0;0
0;0.0251660683004666;57657;12000;83;1451;1451;2;1441425;57657;0.0000346878956588099;0;0;120001;50;0;0
0;0.0242641830133375;57657;12000;63;1399;1399;2;1441425;57657;0.0000346878956588099;0;0;120001;50;0;0
0;0.0239346480045788;57657;12000;111;1380;1380;2;1441425;57657;0.0000346878956588099;0;0;120001;50;0;0
0;0.0237958964219436;57657;12000;44;1372;1372;2;1441425;57657;0.0000346878956588099;0;0;120001;50;0;0
0;0.0236224569436495;57657;12000;20;1362;1362;2;1441425;57657;0.0000346878956588099;0;0;120001;50;0;0
0;0.0232755779870614;57657;12000;87;1342;1342;2;1441425;57657;0.0000346878956588099;0;0;120001;50;0;0
0;0.0214371195171445;57657;12000;26;1236;1236;2;1441425;57657;0.0000346878956588099;0;0;120001;50;0;0
0;0.0212810239866798;57657;12000;115;1227;1227;2;1441425;57657;0.0000346878956588099;0;0;120001;50;0;0
0;0.0206739858126507;57657;12000;73;1192;1192;2;1441425;57657;0.0000346878956588099;0;0;120001;50;0;0
0;0.0202750750125744;57657;12000;89;1169;1169;2;1441425;57657;0.0000346878956588099;0;0;120001;50;0;0
0;0.0199628839516451;57657;12000;45;1151;1151;2;1441425;57657;0.0000346878956588099;0;0;120001;50;0;0
0;0.0190436547166866;57657;12000;75;1098;1098;2;1441425;57657;0.0000346878956588099;0;0;120001;50;0;0
0;0.0180897375860693;57657;12000;93;1043;1043;2;1441425;57657;0.0000346878956588099;0;0;120001;50;0;0
0;0.016233935168323;57657;12000;2;936;936;2;1441425;57657;0.0000346878956588099;0;0;120001;50;0;0
0;0.016233935168323;57657;12000;100;936;936;2;1441425;57657;0.0000346878956588099;0;0;120001;50;0;0
0;0.015592209098635;57657;12000;103;899;899;2;1441425;57657;0.0000346878956588099;0;0;120001;50;0;0
0;0.015332049881194;57657;12000;98;884;884;2;1441425;57657;0.0000346878956588099;0;0;120001;50;0;0
1;0.0148811072376294;57657;12000;101;858;858;2;1441425;57657;0.0000346878956588099;0;0;120001;50;2;1
0;0.0148464193419706;57657;12000;110;856;856;2;1441425;57657;0.0000346878956588099;0;0;120001;50;0;0
0;0.0143261009070885;57657;12000;32;826;826;2;1441425;57657;0.0000346878956588099;0;0;120001;50;0;0
0;0.0140832856374768;57657;12000;36;812;812;2;1441425;57657;0.0000346878956588099;0;0;120001;50;0;0
0;0.0137017187852299;57657;12000;49;790;790;2;1441425;57657;0.0000346878956588099;0;0;120001;50;0;0
0;0.0124529545415127;57657;12000;116;718;718;2;1441425;57657;0.0000346878956588099;0;0;120001;50;0;0
0;0.0117591966283365;57657;12000;5;678;678;2;1441425;57657;0.0000346878956588099;0;0;120001;50;0;0
0;0.0110827826629897;57657;12000;64;639;639;2;1441425;57657;0.0000346878956588099;0;0;120001;50;0;0
0;0.0106491839672546;57657;12000;9;614;614;2;1441425;57657;0.0000346878956588099;0;0;120001;50;0;0
0;0.00997277000190783;57657;12000;25;575;575;2;1441425;57657;0.0000346878956588099;0;0;120001;50;0;0
0;0.0095044834105139;57657;12000;68;548;548;2;1441425;57657;0.0000346878956588099;0;0;120001;50;0;0
0;0.00636522885339161;57657;12000;3;367;367;2;1441425;57657;0.0000346878956588099;0;0;120001;50;0;0
0;0.0063305409577328;57657;12000;14;365;365;2;1441425;57657;0.0000346878956588099;0;0;120001;50;0;0
0;0.0056367830445566;57657;12000;43;325;325;2;1441425;57657;0.0000346878956588099;0;0;120001;50;0;0
0;0.00411051563556897;57657;12000;69;237;237;2;1441425;57657;0.0000346878956588099;0;0;120001;50;0;0
0;0.00287909533968122;57657;12000;65;166;166;2;1441425;57657;0.0000346878956588099;0;0;120001;50;0;0
1;1;102933;13000;259;102933;102933;387;13298.8372093023;102933;0.00375972720118912;1;102933;130001;1;387;0
1;1;34430;14000;228;34430;34430;397;10577.2040302267;83983;0.00472714716073491;1;34430;140001;1;163;0
1;1;18866;14000;214;18866;18866;397;10577.2040302267;83983;0.00472714716073491;1;18866;140002;1;89;0
1;1;15642;14000;121;15642;15642;397;10577.2040302267;83983;0.00472714716073491;1;15642;140003;1;74;0
1;1;15045;14000;221;15045;15045;397;10577.2040302267;83983;0.00472714716073491;1;15045;140004;1;71;0
1;1;8746;15000;201;8746;8746;988;9432.69230769231;186390;0.00530071355759429;1;0;150001;1;46;0
1;1;8014;15000;117;8014;8014;988;9432.69230769231;186390;0.00530071355759429;1;0;150002;1;42;0
1;1;7975;15000;186;7975;7975;988;9432.69230769231;186390;0.00530071355759429;1;0;150003;1;42;0
1;1;7004;15000;187;7004;7004;988;9432.69230769231;186390;0.00530071355759429;1;0;150004;1;37;0
1;0.50915627457589;8901;15000;289;4532;4532;988;9432.69230769231;186390;0.00530071355759429;0;0;1500010;2;47;1
0;0.49084372542411;8901;15000;170;4369;4369;988;9432.69230769231;186390;0.00530071355759429;0;0;1500010;2;0;0
1;0.50587258275003;8429;15000;246;4264;4264;988;9432.69230769231;186390;0.00530071355759429;0;0;1500011;2;45;1
0;0.49412741724997;8429;15000;218;4165;4165;988;9432.69230769231;186390;0.00530071355759429;0;0;1500011;2;0;0
1;0.336232403837533;11153;15000;122;3750;3750;988;9432.69230769231;186390;0.00530071355759429;0;0;1500012;3;59;1
0;0.335784093965749;11153;15000;153;3745;3745;988;9432.69230769231;186390;0.00530071355759429;0;0;1500012;3;0;0
0;0.327983502196718;11153;15000;161;3658;3658;988;9432.69230769231;186390;0.00530071355759429;0;0;1500012;3;0;0
1;0.345239250703679;10303;15000;131;3557;3557;988;9432.69230769231;186390;0.00530071355759429;0;0;1500013;3;55;1
0;0.334271571386975;10303;15000;265;3444;3444;988;9432.69230769231;186390;0.00530071355759429;0;0;1500013;3;0;0
0;0.320489177909347;10303;15000;138;3302;3302;988;9432.69230769231;186390;0.00530071355759429;0;0;1500013;3;0;0
0;0.346975465313029;9456;15000;255;3281;3281;988;9432.69230769231;186390;0.00530071355759429;0;0;1500014;3;0;0
1;0.335236886632826;9456;15000;290;3170;3170;988;9432.69230769231;186390;0.00530071355759429;0;0;1500014;3;50;1
0;0.317787648054145;9456;15000;280;3005;3005;988;9432.69230769231;186390;0.00530071355759429;0;0;1500014;3;0;0
1;0.335945603319119;8677;15000;175;2915;2915;988;9432.69230769231;186390;0.00530071355759429;0;0;1500015;3;46;1
0;0.334332142445546;8677;15000;266;2901;2901;988;9432.69230769231;186390;0.00530071355759429;0;0;1500015;3;0;0
0;0.329722254235335;8677;15000;216;2861;2861;988;9432.69230769231;186390;0.00530071355759429;0;0;1500015;3;0;0
1;0.339067505042117;8429;15000;291;2858;2858;988;9432.69230769231;186390;0.00530071355759429;0;0;1500016;3;45;1
0;0.335508363981492;8429;15000;119;2828;2828;988;9432.69230769231;186390;0.00530071355759429;0;0;1500016;3;0;0
0;0.325424130976391;8429;15000;286;2743;2743;988;9432.69230769231;186390;0.00530071355759429;0;0;1500016;3;0;0
1;0.335475101939948;8093;15000;156;2715;2715;988;9432.69230769231;186390;0.00530071355759429;0;0;1500017;3;43;1
0;0.334733720499197;8093;15000;233;2709;2709;988;9432.69230769231;186390;0.00530071355759429;0;0;1500017;3;0;0
0;0.329791177560855;8093;15000;254;2669;2669;988;9432.69230769231;186390;0.00530071355759429;0;0;1500017;3;0;0
1;0.252387318563789;10472;15000;283;2643;2643;988;9432.69230769231;186390;0.00530071355759429;0;0;1500018;4;56;1
0;0.252291825821238;10472;15000;224;2642;2642;988;9432.69230769231;186390;0.00530071355759429;0;0;1500018;4;0;0
0;0.25124140565317;10472;15000;268;2631;2631;988;9432.69230769231;186390;0.00530071355759429;0;0;1500018;4;0;0
0;0.244079449961803;10472;15000;202;2556;2556;988;9432.69230769231;186390;0.00530071355759429;0;0;1500018;4;0;0
1;0.261914848549036;9442;15000;199;2473;2473;988;9432.69230769231;186390;0.00530071355759429;0;0;1500019;4;50;1
0;0.254395255242533;9442;15000;125;2402;2402;988;9432.69230769231;186390;0.00530071355759429;0;0;1500019;4;0;0
0;0.245922474052108;9442;15000;180;2322;2322;988;9432.69230769231;186390;0.00530071355759429;0;0;1500019;4;0;0
0;0.237767422156323;9442;15000;217;2245;2245;988;9432.69230769231;186390;0.00530071355759429;0;0;1500019;4;0;0
0;0.254402895054282;8290;15000;150;2109;2109;988;9432.69230769231;186390;0.00530071355759429;0;0;1500020;4;0;0
0;0.250784077201448;8290;15000;281;2079;2079;988;9432.69230769231;186390;0.00530071355759429;0;0;1500020;4;0;0
1;0.248250904704463;8290;15000;182;2058;2058;988;9432.69230769231;186390;0.00530071355759429;0;0;1500020;4;44;1
0;0.246562123039807;8290;15000;184;2044;2044;988;9432.69230769231;186390;0.00530071355759429;0;0;1500020;4;0;0
0;0.500912191639565;12607;15000;198;6315;6315;988;9432.69230769231;186390;0.00530071355759429;0;0;150005;2;0;0
1;0.499087808360435;12607;15000;130;6292;6292;988;9432.69230769231;186390;0.00530071355759429;0;0;150005;2;67;1
1;0.509742662172161;12163;15000;162;6200;6200;988;9432.69230769231;186390;0.00530071355759429;0;0;150006;2;64;1
0;0.490257337827839;12163;15000;270;5963;5963;988;9432.69230769231;186390;0.00530071355759429;0;0;150006;2;0;0
1;0.504437417117209;9803;15000;269;4945;4945;988;9432.69230769231;186390;0.00530071355759429;0;0;150007;2;52;1
0;0.495562582882791;9803;15000;285;4858;4858;988;9432.69230769231;186390;0.00530071355759429;0;0;150007;2;0;0
0;0.513195854257934;9359;15000;197;4803;4803;988;9432.69230769231;186390;0.00530071355759429;0;0;150008;2;0;0
1;0.486804145742066;9359;15000;288;4556;4556;988;9432.69230769231;186390;0.00530071355759429;0;0;150008;2;50;1
0;0.500110204981265;9074;15000;123;4538;4538;988;9432.69230769231;186390;0.00530071355759429;0;0;150009;2;0;0
1;0.499889795018735;9074;15000;276;4536;4536;988;9432.69230769231;186390;0.00530071355759429;0;0;150009;2;48;1
0;0.110772301380496;18037;16000;273;1998;1998;288;18891.6666666667;108816;0.00264666960741068;0;0;160001;10;0;0
0;0.106669623551588;18037;16000;191;1924;1924;288;18891.6666666667;108816;0.00264666960741068;0;0;160001;10;0;0
1;0.10450740145257;18037;16000;203;1885;1885;288;18891.6666666667;108816;0.00264666960741068;0;0;160001;10;48;1
0;0.1012363475079;18037;16000;278;1826;1826;288;18891.6666666667;108816;0.00264666960741068;0;0;160001;10;0;0
0;0.100293840439097;18037;16000;251;1809;1809;288;18891.6666666667;108816;0.00264666960741068;0;0;160001;10;0;0
0;0.0981316183400787;18037;16000;248;1770;1770;288;18891.6666666667;108816;0.00264666960741068;0;0;160001;10;0;0
0;0.0966901369407329;18037;16000;143;1744;1744;288;18891.6666666667;108816;0.00264666960741068;0;0;160001;10;0;0
0;0.0966901369407329;18037;16000;263;1744;1744;288;18891.6666666667;108816;0.00264666960741068;0;0;160001;10;0;0
0;0.095858513056495;18037;16000;211;1729;1729;288;18891.6666666667;108816;0.00264666960741068;0;0;160001;10;0;0
0;0.0891500803903088;18037;16000;139;1608;1608;288;18891.6666666667;108816;0.00264666960741068;0;0;160001;10;0;0
0;0.0914435755465495;17519;16000;267;1602;1602;288;18891.6666666667;108816;0.00264666960741068;0;0;160002;12;0;0
1;0.0912723328957132;17519;16000;284;1599;1599;288;18891.6666666667;108816;0.00264666960741068;0;0;160002;12;46;1
0;0.0872766710428677;17519;16000;275;1529;1529;288;18891.6666666667;108816;0.00264666960741068;0;0;160002;12;0;0
0;0.086020891603402;17519;16000;196;1507;1507;288;18891.6666666667;108816;0.00264666960741068;0;0;160002;12;0;0
0;0.084536788629488;17519;16000;271;1481;1481;288;18891.6666666667;108816;0.00264666960741068;0;0;160002;12;0;0
0;0.0840230606769793;17519;16000;227;1472;1472;288;18891.6666666667;108816;0.00264666960741068;0;0;160002;12;0;0
0;0.0804840458930304;17519;16000;142;1410;1410;288;18891.6666666667;108816;0.00264666960741068;0;0;160002;12;0;0
0;0.0796278326388492;17519;16000;127;1395;1395;288;18891.6666666667;108816;0.00264666960741068;0;0;160002;12;0;0
0;0.0789428620355043;17519;16000;118;1383;1383;288;18891.6666666667;108816;0.00264666960741068;0;0;160002;12;0;0
0;0.0789428620355043;17519;16000;238;1383;1383;288;18891.6666666667;108816;0.00264666960741068;0;0;160002;12;0;0
0;0.0787716193846681;17519;16000;124;1380;1380;288;18891.6666666667;108816;0.00264666960741068;0;0;160002;12;0;0
0;0.0786574576174439;17519;16000;141;1378;1378;288;18891.6666666667;108816;0.00264666960741068;0;0;160002;12;0;0
0;0.0765725216608529;17774;16000;274;1361;1361;288;18891.6666666667;108816;0.00264666960741068;0;0;160003;14;0;0
0;0.0752784966805446;17774;16000;287;1338;1338;288;18891.6666666667;108816;0.00264666960741068;0;0;160003;14;0;0
0;0.0746033532125577;17774;16000;258;1326;1326;288;18891.6666666667;108816;0.00264666960741068;0;0;160003;14;0;0
0;0.0735906380105772;17774;16000;237;1308;1308;288;18891.6666666667;108816;0.00264666960741068;0;0;160003;14;0;0
1;0.073084280409587;17774;16000;282;1299;1299;288;18891.6666666667;108816;0.00264666960741068;0;0;160003;14;47;1
0;0.0724653988972657;17774;16000;219;1288;1288;288;18891.6666666667;108816;0.00264666960741068;0;0;160003;14;0;0
0;0.0722966130302689;17774;16000;223;1285;1285;288;18891.6666666667;108816;0.00264666960741068;0;0;160003;14;0;0
0;0.071621469562282;17774;16000;176;1273;1273;288;18891.6666666667;108816;0.00264666960741068;0;0;160003;14;0;0
0;0.0707212782716327;17774;16000;136;1257;1257;288;18891.6666666667;108816;0.00264666960741068;0;0;160003;14;0;0
0;0.0706650163159671;17774;16000;261;1256;1256;288;18891.6666666667;108816;0.00264666960741068;0;0;160003;14;0;0
0;0.068808371779003;17774;16000;256;1223;1223;288;18891.6666666667;108816;0.00264666960741068;0;0;160003;14;0;0
0;0.0684708000450096;17774;16000;177;1217;1217;288;18891.6666666667;108816;0.00264666960741068;0;0;160003;14;0;0
0;0.0667829413750422;17774;16000;204;1187;1187;288;18891.6666666667;108816;0.00264666960741068;0;0;160003;14;0;0
0;0.0650388207494093;17774;16000;243;1156;1156;288;18891.6666666667;108816;0.00264666960741068;0;0;160003;14;0;0
0;0.0611875066624027;18762;16000;168;1148;1148;288;18891.6666666667;108816;0.00264666960741068;0;0;160004;18;0;0
0;0.0609743097750773;18762;16000;151;1144;1144;288;18891.6666666667;108816;0.00264666960741068;0;0;160004;18;0;0
0;0.0609210105532459;18762;16000;220;1143;1143;288;18891.6666666667;108816;0.00264666960741068;0;0;160004;18;0;0
0;0.060494616778595;18762;16000;272;1135;1135;288;18891.6666666667;108816;0.00264666960741068;0;0;160004;18;0;0
0;0.0600682230039441;18762;16000;242;1127;1127;288;18891.6666666667;108816;0.00264666960741068;0;0;160004;18;0;0
0;0.0581494510180151;18762;16000;183;1091;1091;288;18891.6666666667;108816;0.00264666960741068;0;0;160004;18;0;0
1;0.0572966634687134;18762;16000;245;1075;1075;288;18891.6666666667;108816;0.00264666960741068;0;0;160004;18;50;1
0;0.0564438759194116;18762;16000;185;1059;1059;288;18891.6666666667;108816;0.00264666960741068;0;0;160004;18;0;0
0;0.0562839782539175;18762;16000;200;1056;1056;288;18891.6666666667;108816;0.00264666960741068;0;0;160004;18;0;0
0;0.0535657179405181;18762;16000;137;1005;1005;288;18891.6666666667;108816;0.00264666960741068;0;0;160004;18;0;0
0;0.0531926233876985;18762;16000;145;998;998;288;18891.6666666667;108816;0.00264666960741068;0;0;160004;18;0;0
0;0.0530860249440358;18762;16000;234;996;996;288;18891.6666666667;108816;0.00264666960741068;0;0;160004;18;0;0
0;0.0528728280567104;18762;16000;173;992;992;288;18891.6666666667;108816;0.00264666960741068;0;0;160004;18;0;0
0;0.0524464342820595;18762;16000;205;984;984;288;18891.6666666667;108816;0.00264666960741068;0;0;160004;18;0;0
0;0.0510606545144441;18762;16000;120;958;958;288;18891.6666666667;108816;0.00264666960741068;0;0;160004;18;0;0
0;0.0507941584052873;18762;16000;154;953;953;288;18891.6666666667;108816;0.00264666960741068;0;0;160004;18;0;0
0;0.0505809615179618;18762;16000;152;949;949;288;18891.6666666667;108816;0.00264666960741068;0;0;160004;18;0;0
0;0.0505809615179618;18762;16000;250;949;949;288;18891.6666666667;108816;0.00264666960741068;0;0;160004;18;0;0
0;0.0508876392104973;18138;16000;164;923;923;288;18891.6666666667;108816;0.00264666960741068;0;0;160005;24;0;0
0;0.04884772301246;18138;16000;146;886;886;288;18891.6666666667;108816;0.00264666960741068;0;0;160005;24;0;0
0;0.0485720586613739;18138;16000;210;881;881;288;18891.6666666667;108816;0.00264666960741068;0;0;160005;24;0;0
0;0.0462013452420333;18138;16000;172;838;838;288;18891.6666666667;108816;0.00264666960741068;0;0;160005;24;0;0
0;0.0459808137611644;18138;16000;195;834;834;288;18891.6666666667;108816;0.00264666960741068;0;0;160005;24;0;0
0;0.0458154151505127;18138;16000;235;831;831;288;18891.6666666667;108816;0.00264666960741068;0;0;160005;24;0;0
1;0.0444922262652994;18138;16000;188;807;807;288;18891.6666666667;108816;0.00264666960741068;0;0;160005;24;48;1
0;0.0437203660822582;18138;16000;207;793;793;288;18891.6666666667;108816;0.00264666960741068;0;0;160005;24;0;0
0;0.0437203660822582;18138;16000;262;793;793;288;18891.6666666667;108816;0.00264666960741068;0;0;160005;24;0;0
0;0.0431139045098688;18138;16000;241;782;782;288;18891.6666666667;108816;0.00264666960741068;0;0;160005;24;0;0
0;0.0430036387694343;18138;16000;189;780;780;288;18891.6666666667;108816;0.00264666960741068;0;0;160005;24;0;0
0;0.042176645716176;18138;16000;230;765;765;288;18891.6666666667;108816;0.00264666960741068;0;0;160005;24;0;0
0;0.0421215128459588;18138;16000;209;764;764;288;18891.6666666667;108816;0.00264666960741068;0;0;160005;24;0;0
0;0.0419561142353071;18138;16000;206;761;761;288;18891.6666666667;108816;0.00264666960741068;0;0;160005;24;0;0
0;0.0379314147094498;18138;16000;236;688;688;288;18891.6666666667;108816;0.00264666960741068;0;0;160005;24;0;0
0;0.0374352188774948;18138;16000;212;679;679;288;18891.6666666667;108816;0.00264666960741068;0;0;160005;24;0;0
0;0.0373249531370603;18138;16000;181;677;677;288;18891.6666666667;108816;0.00264666960741068;0;0;160005;24;0;0
0;0.0372698202668431;18138;16000;133;676;676;288;18891.6666666667;108816;0.00264666960741068;0;0;160005;24;0;0
0;0.0371595545264086;18138;16000;140;674;674;288;18891.6666666667;108816;0.00264666960741068;0;0;160005;24;0;0
0;0.0366633586944536;18138;16000;158;665;665;288;18891.6666666667;108816;0.00264666960741068;0;0;160005;24;0;0
0;0.0366082258242364;18138;16000;252;664;664;288;18891.6666666667;108816;0.00264666960741068;0;0;160005;24;0;0
0;0.0365530929540192;18138;16000;257;663;663;288;18891.6666666667;108816;0.00264666960741068;0;0;160005;24;0;0
0;0.0363325614731503;18138;16000;240;659;659;288;18891.6666666667;108816;0.00264666960741068;0;0;160005;24;0;0
0;0.0361120299922814;18138;16000;279;655;655;288;18891.6666666667;108816;0.00264666960741068;0;0;160005;24;0;0
0;0.0351877757451846;18586;16000;244;654;654;288;18891.6666666667;108816;0.00264666960741068;0;0;160006;44;0;0
1;0.0344883245453567;18586;16000;165;641;641;288;18891.6666666667;108816;0.00264666960741068;0;0;160006;44;49;1
0;0.0340578930377704;18586;16000;163;633;633;288;18891.6666666667;108816;0.00264666960741068;0;0;160006;44;0;0
0;0.0333046378994942;18586;16000;129;619;619;288;18891.6666666667;108816;0.00264666960741068;0;0;160006;44;0;0
0;0.0326589906381147;18586;16000;215;607;607;288;18891.6666666667;108816;0.00264666960741068;0;0;160006;44;0;0
0;0.0324975788227698;18586;16000;134;604;604;288;18891.6666666667;108816;0.00264666960741068;0;0;160006;44;0;0
0;0.0317443236844937;18586;16000;166;590;590;288;18891.6666666667;108816;0.00264666960741068;0;0;160006;44;0;0
0;0.0312062843000108;18586;16000;253;580;580;288;18891.6666666667;108816;0.00264666960741068;0;0;160006;44;0;0
0;0.0310448724846659;18586;16000;149;577;577;288;18891.6666666667;108816;0.00264666960741068;0;0;160006;44;0;0
0;0.0308296567308727;18586;16000;171;573;573;288;18891.6666666667;108816;0.00264666960741068;0;0;160006;44;0;0
0;0.0302916173463898;18586;16000;222;563;563;288;18891.6666666667;108816;0.00264666960741068;0;0;160006;44;0;0
0;0.0298073819003551;18586;16000;249;554;554;288;18891.6666666667;108816;0.00264666960741068;0;0;160006;44;0;0
0;0.029054126762079;18586;16000;144;540;540;288;18891.6666666667;108816;0.00264666960741068;0;0;160006;44;0;0
0;0.0282470676853546;18586;16000;169;525;525;288;18891.6666666667;108816;0.00264666960741068;0;0;160006;44;0;0
0;0.0274400086086302;18586;16000;232;510;510;288;18891.6666666667;108816;0.00264666960741068;0;0;160006;44;0;0
0;0.0269019692241472;18586;16000;247;500;500;288;18891.6666666667;108816;0.00264666960741068;0;0;160006;44;0;0
0;0.0265791455934574;18586;16000;194;494;494;288;18891.6666666667;108816;0.00264666960741068;0;0;160006;44;0;0
0;0.0255030668244916;18586;16000;277;474;474;288;18891.6666666667;108816;0.00264666960741068;0;0;160006;44;0;0
0;0.0251802431938018;18586;16000;260;468;468;288;18891.6666666667;108816;0.00264666960741068;0;0;160006;44;0;0
0;0.0250726353169052;18586;16000;147;466;466;288;18891.6666666667;108816;0.00264666960741068;0;0;160006;44;0;0
0;0.0246422038093188;18586;16000;155;458;458;288;18891.6666666667;108816;0.00264666960741068;0;0;160006;44;0;0
0;0.0238351447325944;18586;16000;174;443;443;288;18891.6666666667;108816;0.00264666960741068;0;0;160006;44;0;0
0;0.0218982029484558;18586;16000;192;407;407;288;18891.6666666667;108816;0.00264666960741068;0;0;160006;44;0;0
0;0.0214677714408695;18586;16000;167;399;399;288;18891.6666666667;108816;0.00264666960741068;0;0;160006;44;0;0
0;0.0214677714408695;18586;16000;225;399;399;288;18891.6666666667;108816;0.00264666960741068;0;0;160006;44;0;0
0;0.0210373399332831;18586;16000;229;391;391;288;18891.6666666667;108816;0.00264666960741068;0;0;160006;44;0;0
0;0.0209297320563865;18586;16000;226;389;389;288;18891.6666666667;108816;0.00264666960741068;0;0;160006;44;0;0
0;0.0204993005488002;18586;16000;126;381;381;288;18891.6666666667;108816;0.00264666960741068;0;0;160006;44;0;0
0;0.0195846335951792;18586;16000;128;364;364;288;18891.6666666667;108816;0.00264666960741068;0;0;160006;44;0;0
0;0.0193156139029377;18586;16000;213;359;359;288;18891.6666666667;108816;0.00264666960741068;0;0;160006;44;0;0
0;0.018454750887765;18586;16000;159;343;343;288;18891.6666666667;108816;0.00264666960741068;0;0;160006;44;0;0
0;0.0172172603034542;18586;16000;178;320;320;288;18891.6666666667;108816;0.00264666960741068;0;0;160006;44;0;0
0;0.0167868287958679;18586;16000;179;312;312;288;18891.6666666667;108816;0.00264666960741068;0;0;160006;44;0;0
0;0.0167868287958679;18586;16000;239;312;312;288;18891.6666666667;108816;0.00264666960741068;0;0;160006;44;0;0
0;0.0166792209189713;18586;16000;135;310;310;288;18891.6666666667;108816;0.00264666960741068;0;0;160006;44;0;0
0;0.015710750026902;18586;16000;160;292;292;288;18891.6666666667;108816;0.00264666960741068;0;0;160006;44;0;0
0;0.0135047885505219;18586;16000;190;251;251;288;18891.6666666667;108816;0.00264666960741068;0;0;160006;44;0;0
0;0.0128053373506941;18586;16000;132;238;238;288;18891.6666666667;108816;0.00264666960741068;0;0;160006;44;0;0
0;0.0127515334122458;18586;16000;157;237;237;288;18891.6666666667;108816;0.00264666960741068;0;0;160006;44;0;0
0;0.0117830625201765;18586;16000;148;219;219;288;18891.6666666667;108816;0.00264666960741068;0;0;160006;44;0;0
0;0.00946949316689982;18586;16000;231;176;176;288;18891.6666666667;108816;0.00264666960741068;0;0;160006;44;0;0
0;0.00839341439793393;18586;16000;208;156;156;288;18891.6666666667;108816;0.00264666960741068;0;0;160006;44;0;0
0;0.00780157107500269;18586;16000;264;145;145;288;18891.6666666667;108816;0.00264666960741068;0;0;160006;44;0;0
0;0.00607984504465727;18586;16000;193;113;113;288;18891.6666666667;108816;0.00264666960741068;0;0;160006;44;0;0
1;1;61117;17000;445;61117;61117;83;36817.4698795181;61117;0.00135805095145377;1;61117;170001;1;83;0
0;0.216753080600633;74255;18000;430;16095;16095;2;1856375;74255;0.0000269342131842974;0;0;180001;6;0;0
0;0.166399569052589;74255;18000;425;12356;12356;2;1856375;74255;0.0000269342131842974;0;0;180001;6;0;0
0;0.163450272708908;74255;18000;424;12137;12137;2;1856375;74255;0.0000269342131842974;0;0;180001;6;0;0
0;0.162871187125446;74255;18000;448;12094;12094;2;1856375;74255;0.0000269342131842974;0;0;180001;6;0;0
1;0.145754494646825;74255;18000;477;10823;10823;2;1856375;74255;0.0000269342131842974;0;0;180001;6;2;1
0;0.144771395865598;74255;18000;390;10750;10750;2;1856375;74255;0.0000269342131842974;0;0;180001;6;0;0
0;0.0470854733122957;140383;19000;471;6610;6610;8;877393.75;140383;0.0000569869571101914;0;0;190001;37;0;0
0;0.0460454613450347;140383;19000;467;6464;6464;8;877393.75;140383;0.0000569869571101914;0;0;190001;37;0;0
0;0.0445068135030595;140383;19000;444;6248;6248;8;877393.75;140383;0.0000569869571101914;0;0;190001;37;0;0
0;0.0415007515154969;140383;19000;462;5826;5826;8;877393.75;140383;0.0000569869571101914;0;0;190001;37;0;0
0;0.0393708639935035;140383;19000;441;5527;5527;8;877393.75;140383;0.0000569869571101914;0;0;190001;37;0;0
0;0.0374831710392284;140383;19000;418;5262;5262;8;877393.75;140383;0.0000569869571101914;0;0;190001;37;0;0
0;0.0369417949466816;140383;19000;421;5186;5186;8;877393.75;140383;0.0000569869571101914;0;0;190001;37;0;0
0;0.0355242443885656;140383;19000;435;4987;4987;8;877393.75;140383;0.0000569869571101914;0;0;190001;37;0;0
0;0.0348688943817984;140383;19000;428;4895;4895;8;877393.75;140383;0.0000569869571101914;0;0;190001;37;0;0
0;0.0332162726256028;140383;19000;395;4663;4663;8;877393.75;140383;0.0000569869571101914;0;0;190001;37;0;0
0;0.0330239416453559;140383;19000;426;4636;4636;8;877393.75;140383;0.0000569869571101914;0;0;190001;37;0;0
0;0.0315992677176011;140383;19000;439;4436;4436;8;877393.75;140383;0.0000569869571101914;0;0;190001;37;0;0
0;0.0299466459614056;140383;19000;422;4204;4204;8;877393.75;140383;0.0000569869571101914;0;0;190001;37;0;0
0;0.0281658035517121;140383;19000;446;3954;3954;8;877393.75;140383;0.0000569869571101914;0;0;190001;37;0;0
0;0.0274249731092796;140383;19000;442;3850;3850;8;877393.75;140383;0.0000569869571101914;0;0;190001;37;0;0
0;0.0272825057165041;140383;19000;427;3830;3830;8;877393.75;140383;0.0000569869571101914;0;0;190001;37;0;0
0;0.0265844154919043;140383;19000;432;3732;3732;8;877393.75;140383;0.0000569869571101914;0;0;190001;37;0;0
0;0.0258934486369432;140383;19000;396;3635;3635;8;877393.75;140383;0.0000569869571101914;0;0;190001;37;0;0
0;0.0249816573231802;140383;19000;438;3507;3507;8;877393.75;140383;0.0000569869571101914;0;0;190001;37;0;0
0;0.0247679562340169;140383;19000;389;3477;3477;8;877393.75;140383;0.0000569869571101914;0;0;190001;37;0;0
0;0.0230156073028786;140383;19000;453;3231;3231;8;877393.75;140383;0.0000569869571101914;0;0;190001;37;0;0
1;0.0226380687120235;140383;19000;452;3178;3178;8;877393.75;140383;0.0000569869571101914;0;0;190001;37;8;1
0;0.0216123034840401;140383;19000;482;3034;3034;8;877393.75;140383;0.0000569869571101914;0;0;190001;37;0;0
0;0.0215980567447625;140383;19000;472;3032;3032;8;877393.75;140383;0.0000569869571101914;0;0;190001;37;0;0
0;0.0209996936951055;140383;19000;480;2948;2948;8;877393.75;140383;0.0000569869571101914;0;0;190001;37;0;0
0;0.0202944801008669;140383;19000;473;2849;2849;8;877393.75;140383;0.0000569869571101914;0;0;190001;37;0;0
0;0.0197174871601262;140383;19000;479;2768;2768;8;877393.75;140383;0.0000569869571101914;0;0;190001;37;0;0
0;0.0196035132459058;140383;19000;458;2752;2752;8;877393.75;140383;0.0000569869571101914;0;0;190001;37;0;0
0;0.0195536496584344;140383;19000;415;2745;2745;8;877393.75;140383;0.0000569869571101914;0;0;190001;37;0;0
0;0.0185136376911734;140383;19000;394;2599;2599;8;877393.75;140383;0.0000569869571101914;0;0;190001;37;0;0
0;0.0184067871465918;140383;19000;478;2584;2584;8;877393.75;140383;0.0000569869571101914;0;0;190001;37;0;0
0;0.0179651382289878;140383;19000;450;2522;2522;8;877393.75;140383;0.0000569869571101914;0;0;190001;37;0;0
0;0.0172884181133043;140383;19000;393;2427;2427;8;877393.75;140383;0.0000569869571101914;0;0;190001;37;0;0
0;0.0163766267995413;140383;19000;412;2299;2299;8;877393.75;140383;0.0000569869571101914;0;0;190001;37;0;0
0;0.0158922376641046;140383;19000;385;2231;2231;8;877393.75;140383;0.0000569869571101914;0;0;190001;37;0;0
0;0.0153223680930027;140383;19000;465;2151;2151;8;877393.75;140383;0.0000569869571101914;0;0;190001;37;0;0
0;0.0149875697199803;140383;19000;474;2104;2104;8;877393.75;140383;0.0000569869571101914;0;0;190001;37;0;0
0;0.032126600167617;60853;20000;405;1955;1955;13;234050;60853;0.00021362956633198;0;0;200001;55;0;0
0;0.0317486401656451;60853;20000;416;1932;1932;13;234050;60853;0.00021362956633198;0;0;200001;55;0;0
0;0.0309105549438812;60853;20000;476;1881;1881;13;234050;60853;0.00021362956633198;0;0;200001;55;0;0
0;0.0294315810231213;60853;20000;398;1791;1791;13;234050;60853;0.00021362956633198;0;0;200001;55;0;0
0;0.0291522192825333;60853;20000;440;1774;1774;13;234050;60853;0.00021362956633198;0;0;200001;55;0;0
0;0.0285770627577934;60853;20000;411;1739;1739;13;234050;60853;0.00021362956633198;0;0;200001;55;0;0
1;0.0275910801439535;60853;20000;423;1679;1679;13;234050;60853;0.00021362956633198;0;0;200001;55;13;1
0;0.0269830575320855;60853;20000;391;1642;1642;13;234050;60853;0.00021362956633198;0;0;200001;55;0;0
0;0.0258820436132976;60853;20000;449;1575;1575;13;234050;60853;0.00021362956633198;0;0;200001;55;0;0
0;0.0257341462212216;60853;20000;419;1566;1566;13;234050;60853;0.00021362956633198;0;0;200001;55;0;0
0;0.0257012801340936;60853;20000;387;1564;1564;13;234050;60853;0.00021362956633198;0;0;200001;55;0;0
0;0.0246166992588697;60853;20000;429;1498;1498;13;234050;60853;0.00021362956633198;0;0;200001;55;0;0
0;0.0243537705618458;60853;20000;433;1482;1482;13;234050;60853;0.00021362956633198;0;0;200001;55;0;0
0;0.0235649844707738;60853;20000;460;1434;1434;13;234050;60853;0.00021362956633198;0;0;200001;55;0;0
0;0.0230391270767259;60853;20000;451;1402;1402;13;234050;60853;0.00021362956633198;0;0;200001;55;0;0
0;0.0226940331618819;60853;20000;436;1381;1381;13;234050;60853;0.00021362956633198;0;0;200001;55;0;0
0;0.0226118679440619;60853;20000;384;1376;1376;13;234050;60853;0.00021362956633198;0;0;200001;55;0;0
0;0.0225625688133699;60853;20000;468;1373;1373;13;234050;60853;0.00021362956633198;0;0;200001;55;0;0
0;0.02206957750645;60853;20000;386;1343;1343;13;234050;60853;0.00021362956633198;0;0;200001;55;0;0
0;0.021313657502506;60853;20000;408;1297;1297;13;234050;60853;0.00021362956633198;0;0;200001;55;0;0
0;0.0211493270668661;60853;20000;455;1287;1287;13;234050;60853;0.00021362956633198;0;0;200001;55;0;0
0;0.0210835948926101;60853;20000;461;1283;1283;13;234050;60853;0.00021362956633198;0;0;200001;55;0;0
0;0.0210671618490461;60853;20000;463;1282;1282;13;234050;60853;0.00021362956633198;0;0;200001;55;0;0
0;0.0210507288054821;60853;20000;413;1281;1281;13;234050;60853;0.00021362956633198;0;0;200001;55;0;0
0;0.0203441079322301;60853;20000;392;1238;1238;13;234050;60853;0.00021362956633198;0;0;200001;55;0;0
0;0.0199332818431302;60853;20000;401;1213;1213;13;234050;60853;0.00021362956633198;0;0;200001;55;0;0
0;0.0189965983599823;60853;20000;434;1156;1156;13;234050;60853;0.00021362956633198;0;0;200001;55;0;0
0;0.0185200400966263;60853;20000;470;1127;1127;13;234050;60853;0.00021362956633198;0;0;200001;55;0;0
0;0.0171067983501224;60853;20000;466;1041;1041;13;234050;60853;0.00021362956633198;0;0;200001;55;0;0
0;0.0162851461719225;60853;20000;456;991;991;13;234050;60853;0.00021362956633198;0;0;200001;55;0;0
0;0.0161208157362825;60853;20000;409;981;981;13;234050;60853;0.00021362956633198;0;0;200001;55;0;0
0;0.0160715166055905;60853;20000;454;978;978;13;234050;60853;0.00021362956633198;0;0;200001;55;0;0
0;0.0155785252986706;60853;20000;443;948;948;13;234050;60853;0.00021362956633198;0;0;200001;55;0;0
0;0.0150198018174946;60853;20000;447;914;914;13;234050;60853;0.00021362956633198;0;0;200001;55;0;0
0;0.0138366226808867;60853;20000;397;842;842;13;234050;60853;0.00021362956633198;0;0;200001;55;0;0
0;0.0137051583323747;60853;20000;404;834;834;13;234050;60853;0.00021362956633198;0;0;200001;55;0;0
0;0.0129821044155588;60853;20000;417;790;790;13;234050;60853;0.00021362956633198;0;0;200001;55;0;0
0;0.0128835061541748;60853;20000;437;784;784;13;234050;60853;0.00021362956633198;0;0;200001;55;0;0
0;0.0125219791957668;60853;20000;400;762;762;13;234050;60853;0.00021362956633198;0;0;200001;55;0;0
0;0.0124891131086389;60853;20000;406;760;760;13;234050;60853;0.00021362956633198;0;0;200001;55;0;0
0;0.0124562470215109;60853;20000;407;758;758;13;234050;60853;0.00021362956633198;0;0;200001;55;0;0
0;0.0118646574532069;60853;20000;464;722;722;13;234050;60853;0.00021362956633198;0;0;200001;55;0;0
0;0.0117660591918229;60853;20000;459;716;716;13;234050;60853;0.00021362956633198;0;0;200001;55;0;0
0;0.011158036579955;60853;20000;481;679;679;13;234050;60853;0.00021362956633198;0;0;200001;55;0;0
0;0.011092304405699;60853;20000;457;675;675;13;234050;60853;0.00021362956633198;0;0;200001;55;0;0
0;0.0102706522274991;60853;20000;475;625;625;13;234050;60853;0.00021362956633198;0;0;200001;55;0;0
0;0.00992555831265509;60853;20000;402;604;604;13;234050;60853;0.00021362956633198;0;0;200001;55;0;0
0;0.00992555831265509;60853;20000;410;604;604;13;234050;60853;0.00021362956633198;0;0;200001;55;0;0
0;0.00954759831068312;60853;20000;388;581;581;13;234050;60853;0.00021362956633198;0;0;200001;55;0;0
0;0.00925180352653115;60853;20000;469;563;563;13;234050;60853;0.00021362956633198;0;0;200001;55;0;0
0;0.00910390613445516;60853;20000;414;554;554;13;234050;60853;0.00021362956633198;0;0;200001;55;0;0
0;0.00821652178199924;60853;20000;420;500;500;13;234050;60853;0.00021362956633198;0;0;200001;55;0;0
0;0.0076249322136953;60853;20000;431;464;464;13;234050;60853;0.00021362956633198;0;0;200001;55;0;0
0;0.00593232872660345;60853;20000;399;361;361;13;234050;60853;0.00021362956633198;0;0;200001;55;0;0
0;0.00445335480584359;60853;20000;403;271;271;13;234050;60853;0.00021362956633198;0;0;200001;55;0;0
1;1;55144;21000;496;55144;55144;24;114883.333333333;55144;0.000435224140432323;1;0;210001;1;24;0
0;0.37527218779163;41791;22000;502;15683;15683;2;1044775;41791;0.000047857194132708;0;0;220001;3;0;0
0;0.363427532243785;41791;22000;503;15188;15188;2;1044775;41791;0.000047857194132708;0;0;220001;3;0;0
1;0.261300279964586;41791;22000;485;10920;10920;2;1044775;41791;0.000047857194132708;0;0;220001;3;2;1
0;0.122926626480981;72165;23000;499;8871;8871;4;902062.5;72165;0.000055428531836763;0;0;230001;15;0;0
0;0.111771634448833;72165;23000;490;8066;8066;4;902062.5;72165;0.000055428531836763;0;0;230001;15;0;0
0;0.091900505785353;72165;23000;498;6632;6632;4;902062.5;72165;0.000055428531836763;0;0;230001;15;0;0
0;0.0910413635418832;72165;23000;513;6570;6570;4;902062.5;72165;0.000055428531836763;0;0;230001;15;0;0
1;0.0834337975472875;72165;23000;500;6021;6021;4;902062.5;72165;0.000055428531836763;0;0;230001;15;4;1
0;0.0687452366105453;72165;23000;510;4961;4961;4;902062.5;72165;0.000055428531836763;0;0;230001;15;0;0
0;0.0660153814175847;72165;23000;493;4764;4764;4;902062.5;72165;0.000055428531836763;0;0;230001;15;0;0
0;0.0636458116815631;72165;23000;511;4593;4593;4;902062.5;72165;0.000055428531836763;0;0;230001;15;0;0
0;0.0623155269174808;72165;23000;495;4497;4497;4;902062.5;72165;0.000055428531836763;0;0;230001;15;0;0
0;0.0564955310746207;72165;23000;509;4077;4077;4;902062.5;72165;0.000055428531836763;0;0;230001;15;0;0
0;0.052379962585741;72165;23000;504;3780;3780;4;902062.5;72165;0.000055428531836763;0;0;230001;15;0;0
0;0.0358484029654265;72165;23000;506;2587;2587;4;902062.5;72165;0.000055428531836763;0;0;230001;15;0;0
0;0.0328691193792004;72165;23000;505;2372;2372;4;902062.5;72165;0.000055428531836763;0;0;230001;15;0;0
0;0.0322455483960369;72165;23000;497;2327;2327;4;902062.5;72165;0.000055428531836763;0;0;230001;15;0;0
0;0.0283655511674635;72165;23000;494;2047;2047;4;902062.5;72165;0.000055428531836763;0;0;230001;15;0;0
0;0.148266620558485;11567;24000;483;1715;1715;2;289175;11567;0.000172905679951586;0;0;240001;12;0;0
0;0.12103397596611;11567;24000;512;1400;1400;2;289175;11567;0.000172905679951586;0;0;240001;12;0;0
0;0.11446356012795;11567;24000;508;1324;1324;2;289175;11567;0.000172905679951586;0;0;240001;12;0;0
0;0.0987291432523558;11567;24000;488;1142;1142;2;289175;11567;0.000172905679951586;0;0;240001;12;0;0
0;0.0951845768133483;11567;24000;507;1101;1101;2;289175;11567;0.000172905679951586;0;0;240001;12;0;0
0;0.0846373303363016;11567;24000;491;979;979;2;289175;11567;0.000172905679951586;0;0;240001;12;0;0
0;0.081525028097173;11567;24000;484;943;943;2;289175;11567;0.000172905679951586;0;0;240001;12;0;0
0;0.0772023860983833;11567;24000;492;893;893;2;289175;11567;0.000172905679951586;0;0;240001;12;0;0
0;0.0623324976225469;11567;24000;486;721;721;2;289175;11567;0.000172905679951586;0;0;240001;12;0;0
0;0.0537736664649434;11567;24000;489;622;622;2;289175;11567;0.000172905679951586;0;0;240001;12;0;0
0;0.0368289098296879;11567;24000;501;426;426;2;289175;11567;0.000172905679951586;0;0;240001;12;0;0
1;0.0260223048327138;11567;24000;487;301;301;2;289175;11567;0.000172905679951586;0;0;240001;12;2;1
